timestamp,bid_price_1,bid_volume_1,bid_price_2,bid_volume_2,bid_price_3,bid_volume_3,ask_price_1,ask_volume_1,ask_price_2,ask_volume_2,ask_price_3,ask_volume_3,product
100,9997,10,9996,11,9995,16,10003,8,10004,14,10005,19,10K_NOTE
200,9997,11,9996,23,9995,37,10003,10,10004,21,10005,39,10K_NOTE
300,9997,46,9996,80,9995,97,10003,44,10004,77,10005,115,10K_NOTE
400,9998,45,9997,79,9996,139,10002,43,10003,66,10004,112,10K_NOTE
500,10001,14,10000,21,9999,30,10005,10,10006,21,10007,30,10K_NOTE
600,9998,42,9997,58,9996,68,10002,53,10003,49,10004,73,10K_NOTE
700,9997,40,9996,69,9995,72,10003,41,10004,69,10005,86,10K_NOTE
800,9998,29,9997,63,9996,83,10002,31,10003,46,10004,102,10K_NOTE
900,9997,3,9996,5,9995,8,10003,4,10004,6,10005,12,10K_NOTE
1000,9997,42,9996,57,9995,83,10003,32,10004,70,10005,84,10K_NOTE
1100,9998,55,9997,85,9996,158,10002,43,10003,95,10004,186,10K_NOTE
1200,9997,27,9996,60,9995,127,10003,27,10004,60,10005,133,10K_NOTE
1300,9998,1,9997,2,9996,3,10002,1,10003,2,10004,2,10K_NOTE
1400,10001,48,10000,62,9999,114,10005,50,10006,77,10007,109,10K_NOTE
1500,9998,44,9997,76,9996,103,10002,47,10003,65,10004,111,10K_NOTE
1600,9997,47,9996,78,9995,116,10003,45,10004,90,10005,126,10K_NOTE
1700,9998,40,9997,59,9996,98,10002,38,10003,67,10004,102,10K_NOTE
1800,9997,4,9996,5,9995,6,10003,4,10004,5,10005,6,10K_NOTE
1900,9998,42,9997,113,9996,145,10002,53,10003,82,10004,209,10K_NOTE
2000,9998,8,9997,13,9996,19,10002,7,10003,14,10004,18,10K_NOTE
2100,9997,6,9996,9,9995,13,10003,6,10004,11,10005,14,10K_NOTE
2200,9997,22,9996,28,9995,35,10003,25,10004,33,10005,32,10K_NOTE
2300,9997,30,9996,36,9995,60,10003,31,10004,40,10005,68,10K_NOTE
2400,9998,37,9997,65,9996,60,10002,51,10003,53,10004,59,10K_NOTE
2500,9997,47,9996,54,9995,119,10003,41,10004,78,10005,113,10K_NOTE
2600,10000,41,9999,48,9998,59,10006,42,10007,58,10008,80,10K_NOTE
2700,9997,54,9996,88,9995,136,10003,55,10004,61,10005,106,10K_NOTE
2800,9994,34,9993,70,9992,126,10000,47,10001,87,10002,126,10K_NOTE
2900,9997,34,9996,49,9995,48,10003,36,10004,43,10005,71,10K_NOTE
3000,9997,38,9996,77,9995,135,10003,41,10004,68,10005,107,10K_NOTE
3100,9997,19,9996,34,9995,48,10003,16,10004,32,10005,59,10K_NOTE
3200,9998,18,9997,36,9996,82,10002,18,10003,46,10004,91,10K_NOTE
3300,9998,45,9997,83,9996,113,10002,42,10003,68,10004,117,10K_NOTE
3400,9998,30,9997,32,9996,43,10002,30,10003,42,10004,52,10K_NOTE
3500,9997,48,9996,104,9995,184,10003,51,10004,71,10005,180,10K_NOTE
3600,9998,24,9997,38,9996,67,10002,24,10003,43,10004,75,10K_NOTE
3700,10001,47,10000,65,9999,166,10005,41,10006,68,10007,174,10K_NOTE
3800,9998,23,9997,34,9996,36,10002,27,10003,34,10004,39,10K_NOTE
3900,9998,25,9997,44,9996,72,10002,26,10003,37,10004,62,10K_NOTE
4000,10001,49,10000,76,9999,97,10005,55,10006,74,10007,90,10K_NOTE
4100,10000,8,9999,12,9998,18,10006,7,10007,9,10008,13,10K_NOTE
4200,9998,8,9997,10,9996,13,10002,9,10003,10,10004,18,10K_NOTE
4300,9995,28,9994,41,9993,42,9999,27,10000,42,10001,56,10K_NOTE
4400,9998,45,9997,109,9996,151,10002,47,10003,83,10004,207,10K_NOTE
4500,9997,6,9996,7,9995,12,10003,4,10004,10,10005,11,10K_NOTE
4600,9998,49,9997,59,9996,71,10002,35,10003,60,10004,65,10K_NOTE
4700,9998,2,9997,3,9996,7,10002,1,10003,4,10004,5,10K_NOTE
4800,9997,46,9996,66,9995,75,10003,43,10004,45,10005,72,10K_NOTE
4900,9997,2,9996,3,9995,6,10003,2,10004,3,10005,5,10K_NOTE
5000,9998,37,9997,55,9996,97,10002,35,10003,53,10004,99,10K_NOTE
5100,9998,19,9997,43,9996,49,10002,27,10003,33,10004,64,10K_NOTE
5200,9997,9,9996,10,9995,21,10003,10,10004,10,10005,16,10K_NOTE
5300,9998,6,9997,11,9996,15,10002,8,10003,11,10004,12,10K_NOTE
5400,9997,3,9996,6,9995,14,10003,4,10004,8,10005,15,10K_NOTE
5500,9998,48,9997,62,9996,118,10002,51,10003,81,10004,98,10K_NOTE
5600,9997,44,9996,102,9995,178,10003,47,10004,98,10005,161,10K_NOTE
5700,9998,1,9997,1,9996,2,10002,0,10003,1,10004,2,10K_NOTE
5800,9997,49,9996,74,9995,194,10003,52,10004,82,10005,174,10K_NOTE
5900,9998,0,9997,1,9996,3,10002,1,10003,1,10004,3,10K_NOTE
6000,9998,25,9997,49,9996,104,10002,27,10003,43,10004,88,10K_NOTE
6100,9997,35,9996,50,9995,100,10003,39,10004,62,10005,91,10K_NOTE
6200,9998,6,9997,7,9996,7,10002,6,10003,7,10004,10,10K_NOTE
6300,9997,38,9996,61,9995,100,10003,37,10004,59,10005,83,10K_NOTE
6400,9998,5,9997,15,9996,28,10002,6,10003,13,10004,20,10K_NOTE
6500,9998,23,9997,24,9996,37,10002,20,10003,26,10004,42,10K_NOTE
6600,9998,30,9997,50,9996,76,10002,32,10003,58,10004,102,10K_NOTE
6700,9998,3,9997,4,9996,4,10002,2,10003,4,10004,5,10K_NOTE
6800,9998,34,9997,59,9996,98,10002,35,10003,59,10004,95,10K_NOTE
6900,9998,40,9997,83,9996,147,10002,34,10003,91,10004,139,10K_NOTE
7000,9998,39,9997,98,9996,188,10002,47,10003,92,10004,203,10K_NOTE
7100,9998,45,9997,73,9996,90,10002,42,10003,61,10004,118,10K_NOTE
7200,9998,45,9997,59,9996,78,10002,35,10003,67,10004,92,10K_NOTE
7300,9997,57,9996,80,9995,79,10003,48,10004,60,10005,106,10K_NOTE
7400,10000,15,9999,30,9998,56,10006,16,10007,23,10008,53,10K_NOTE
7500,9998,41,9997,65,9996,104,10002,39,10003,57,10004,96,10K_NOTE
7600,9998,9,9997,18,9996,27,10002,7,10003,14,10004,22,10K_NOTE
7700,9997,22,9996,40,9995,95,10003,27,10004,53,10005,91,10K_NOTE
7800,9998,47,9997,68,9996,131,10002,33,10003,63,10004,146,10K_NOTE
7900,9997,0,9996,1,9995,1,10003,1,10004,1,10005,1,10K_NOTE
8000,9997,7,9996,13,9995,24,10003,8,10004,13,10005,27,10K_NOTE
8100,9997,12,9996,24,9995,39,10003,9,10004,24,10005,34,10K_NOTE
8200,9998,46,9997,116,9996,233,10002,55,10003,116,10004,167,10K_NOTE
8300,9997,26,9996,38,9995,40,10003,32,10004,32,10005,50,10K_NOTE
8400,9997,6,9996,13,9995,25,10003,8,10004,10,10005,22,10K_NOTE
8500,9998,4,9997,6,9996,11,10002,3,10003,6,10004,10,10K_NOTE
8600,9997,21,9996,31,9995,45,10003,24,10004,30,10005,32,10K_NOTE
8700,9998,46,9997,49,9996,59,10002,39,10003,52,10004,61,10K_NOTE
8800,9998,54,9997,72,9996,102,10002,53,10003,77,10004,84,10K_NOTE
8900,9998,15,9997,23,9996,36,10002,10,10003,20,10004,40,10K_NOTE
9000,9997,13,9996,18,9995,25,10003,12,10004,19,10005,28,10K_NOTE
9100,9997,38,9996,49,9995,88,10003,28,10004,54,10005,63,10K_NOTE
9200,9998,15,9997,18,9996,38,10002,14,10003,23,10004,38,10K_NOTE
9300,9997,34,9996,80,9995,146,10003,37,10004,77,10005,158,10K_NOTE
9400,9998,50,9997,84,9996,122,10002,36,10003,77,10004,124,10K_NOTE
9500,9997,21,9996,35,9995,39,10003,27,10004,32,10005,39,10K_NOTE
9600,9998,2,9997,4,9996,7,10002,3,10003,4,10004,7,10K_NOTE
9700,9998,25,9997,61,9996,101,10002,22,10003,61,10004,117,10K_NOTE
9800,9997,29,9996,60,9995,131,10003,32,10004,77,10005,132,10K_NOTE
9900,9998,23,9997,35,9996,54,10002,26,10003,27,10004,56,10K_NOTE
10000,9998,22,9997,37,9996,69,10002,25,10003,50,10004,68,10K_NOTE
10100,9998,3,9997,3,9996,4,10002,3,10003,3,10004,6,10K_NOTE
10200,9997,26,9996,46,9995,72,10003,28,10004,49,10005,86,10K_NOTE
10300,9998,8,9997,14,9996,15,10002,10,10003,13,10004,13,10K_NOTE
10400,9997,2,9996,3,9995,4,10003,3,10004,3,10005,4,10K_NOTE
10500,9997,37,9996,64,9995,65,10003,37,10004,54,10005,56,10K_NOTE
10600,9998,10,9997,16,9996,28,10002,10,10003,14,10004,21,10K_NOTE
10700,9998,13,9997,17,9996,33,10002,12,10003,20,10004,29,10K_NOTE
10800,9998,35,9997,52,9996,115,10002,46,10003,63,10004,106,10K_NOTE
10900,9998,1,9997,1,9996,2,10002,1,10003,1,10004,2,10K_NOTE
11000,9998,14,9997,29,9996,37,10002,17,10003,30,10004,41,10K_NOTE
11100,9997,34,9996,37,9995,48,10003,32,10004,46,10005,45,10K_NOTE
11200,9997,36,9996,68,9995,128,10003,39,10004,59,10005,110,10K_NOTE
11300,9998,22,9997,46,9996,64,10002,23,10003,44,10004,55,10K_NOTE
11400,9998,49,9997,52,9996,108,10002,48,10003,56,10004,92,10K_NOTE
11500,9998,3,9997,8,9996,14,10002,3,10003,6,10004,12,10K_NOTE
11600,9998,19,9997,36,9996,46,10002,18,10003,36,10004,61,10K_NOTE
11700,9998,18,9997,32,9996,60,10002,14,10003,30,10004,50,10K_NOTE
11800,9997,40,9996,82,9995,172,10003,40,10004,77,10005,164,10K_NOTE
11900,9998,26,9997,36,9996,68,10002,19,10003,39,10004,69,10K_NOTE
12000,9998,34,9997,55,9996,89,10002,24,10003,55,10004,86,10K_NOTE
12100,9998,33,9997,32,9996,40,10002,28,10003,31,10004,49,10K_NOTE
12200,9997,21,9996,36,9995,60,10003,20,10004,33,10005,55,10K_NOTE
12300,9997,29,9996,37,9995,62,10003,28,10004,42,10005,46,10K_NOTE
12400,9998,35,9997,65,9996,130,10002,46,10003,69,10004,160,10K_NOTE
12500,9998,37,9997,70,9996,141,10002,26,10003,62,10004,130,10K_NOTE
12600,9997,25,9996,38,9995,48,10003,21,10004,36,10005,58,10K_NOTE
12700,9998,23,9997,41,9996,66,10002,23,10003,45,10004,51,10K_NOTE
12800,9998,42,9997,48,9996,93,10002,37,10003,56,10004,93,10K_NOTE
12900,9997,10,9996,14,9995,18,10003,11,10004,14,10005,18,10K_NOTE
13000,9997,45,9996,70,9995,109,10003,52,10004,76,10005,91,10K_NOTE
13100,9997,23,9996,39,9995,50,10003,31,10004,42,10005,67,10K_NOTE
13200,9997,25,9996,44,9995,63,10003,29,10004,38,10005,50,10K_NOTE
13300,9995,4,9994,7,9993,12,9999,5,10000,8,10001,13,10K_NOTE
13400,9997,13,9996,18,9995,33,10003,10,10004,22,10005,35,10K_NOTE
13500,9998,25,9997,55,9996,101,10002,28,10003,56,10004,99,10K_NOTE
13600,9998,29,9997,45,9996,62,10002,38,10003,52,10004,73,10K_NOTE
13700,9998,8,9997,15,9996,19,10002,10,10003,16,10004,19,10K_NOTE
13800,9998,34,9997,62,9996,112,10002,31,10003,67,10004,85,10K_NOTE
13900,9998,13,9997,11,9996,17,10002,14,10003,14,10004,15,10K_NOTE
14000,9998,26,9997,48,9996,58,10002,32,10003,40,10004,61,10K_NOTE
14100,9997,2,9996,3,9995,4,10003,1,10004,3,10005,5,10K_NOTE
14200,9998,1,9997,1,9996,1,10002,0,10003,1,10004,1,10K_NOTE
14300,9998,15,9997,24,9996,38,10002,15,10003,26,10004,41,10K_NOTE
14400,9998,23,9997,31,9996,44,10002,20,10003,32,10004,37,10K_NOTE
14500,9997,53,9996,64,9995,161,10003,53,10004,82,10005,146,10K_NOTE
14600,9995,38,9994,76,9993,134,9999,36,10000,55,10001,138,10K_NOTE
14700,9998,46,9997,74,9996,121,10002,35,10003,57,10004,128,10K_NOTE
14800,9997,4,9996,8,9995,15,10003,4,10004,8,10005,17,10K_NOTE
14900,9997,11,9996,16,9995,25,10003,8,10004,18,10005,25,10K_NOTE
15000,9998,37,9997,48,9996,86,10002,40,10003,49,10004,86,10K_NOTE
15100,9998,31,9997,31,9996,48,10002,34,10003,40,10004,50,10K_NOTE
15200,9997,16,9996,27,9995,48,10003,20,10004,33,10005,61,10K_NOTE
15300,9998,30,9997,29,9996,41,10002,32,10003,32,10004,41,10K_NOTE
15400,9998,9,9997,13,9996,33,10002,9,10003,17,10004,25,10K_NOTE
15500,9998,36,9997,56,9996,98,10002,30,10003,65,10004,113,10K_NOTE
15600,9997,12,9996,18,9995,20,10003,15,10004,20,10005,27,10K_NOTE
15700,9998,27,9997,37,9996,85,10002,27,10003,42,10004,89,10K_NOTE
15800,9998,30,9997,43,9996,66,10002,28,10003,42,10004,75,10K_NOTE
15900,9997,17,9996,27,9995,32,10003,20,10004,18,10005,27,10K_NOTE
16000,9997,11,9996,17,9995,27,10003,8,10004,17,10005,22,10K_NOTE
16100,9998,28,9997,56,9996,77,10002,22,10003,58,10004,84,10K_NOTE
16200,9998,36,9997,53,9996,53,10002,37,10003,47,10004,75,10K_NOTE
16300,10000,32,9999,52,9998,80,10006,31,10007,53,10008,81,10K_NOTE
16400,9998,50,9997,47,9996,70,10002,46,10003,61,10004,74,10K_NOTE
16500,9995,16,9994,21,9993,19,9999,12,10000,22,10001,24,10K_NOTE
16600,10001,55,10000,95,9999,141,10005,54,10006,84,10007,116,10K_NOTE
16700,9998,21,9997,42,9996,90,10002,26,10003,46,10004,117,10K_NOTE
16800,9995,20,9994,30,9993,43,9999,21,10000,24,10001,43,10K_NOTE
16900,9998,31,9997,54,9996,91,10002,36,10003,46,10004,92,10K_NOTE
17000,10000,47,9999,75,9998,118,10006,41,10007,95,10008,165,10K_NOTE
17100,9998,37,9997,56,9996,84,10002,39,10003,50,10004,70,10K_NOTE
17200,9998,0,9997,1,9996,2,10002,0,10003,1,10004,1,10K_NOTE
17300,9997,32,9996,40,9995,72,10003,23,10004,42,10005,61,10K_NOTE
17400,9998,12,9997,27,9996,47,10002,10,10003,23,10004,35,10K_NOTE
17500,9998,14,9997,19,9996,28,10002,13,10003,22,10004,29,10K_NOTE
17600,9998,11,9997,16,9996,35,10002,10,10003,18,10004,29,10K_NOTE
17700,9998,6,9997,10,9996,15,10002,6,10003,9,10004,16,10K_NOTE
17800,9998,32,9997,46,9996,65,10002,34,10003,54,10004,59,10K_NOTE
17900,9998,5,9997,10,9996,15,10002,7,10003,11,10004,14,10K_NOTE
18000,9997,8,9996,15,9995,22,10003,9,10004,13,10005,26,10K_NOTE
18100,9998,8,9997,20,9996,36,10002,9,10003,23,10004,29,10K_NOTE
18200,9998,45,9997,60,9996,61,10002,41,10003,66,10004,83,10K_NOTE
18300,9998,41,9997,77,9996,137,10002,41,10003,73,10004,141,10K_NOTE
18400,9998,43,9997,76,9996,79,10002,41,10003,72,10004,103,10K_NOTE
18500,9997,12,9996,20,9995,41,10003,15,10004,29,10005,44,10K_NOTE
18600,9998,20,9997,35,9996,46,10002,20,10003,26,10004,37,10K_NOTE
18700,9998,47,9997,88,9996,173,10002,41,10003,67,10004,175,10K_NOTE
18800,9998,4,9997,6,9996,15,10002,4,10003,9,10004,13,10K_NOTE
18900,9997,16,9996,25,9995,37,10003,16,10004,24,10005,41,10K_NOTE
19000,9998,24,9997,41,9996,84,10002,28,10003,41,10004,90,10K_NOTE
19100,9998,30,9997,43,9996,91,10002,38,10003,61,10004,66,10K_NOTE
19200,9998,16,9997,20,9996,36,10002,14,10003,19,10004,37,10K_NOTE
19300,9997,49,9996,101,9995,166,10003,50,10004,77,10005,198,10K_NOTE
19400,9998,58,9997,88,9996,194,10002,57,10003,94,10004,196,10K_NOTE
19500,9998,13,9997,29,9996,41,10002,15,10003,28,10004,42,10K_NOTE
19600,9998,41,9997,72,9996,98,10002,49,10003,83,10004,94,10K_NOTE
19700,9998,55,9997,72,9996,126,10002,52,10003,94,10004,128,10K_NOTE
19800,9997,22,9996,38,9995,76,10003,24,10004,46,10005,77,10K_NOTE
19900,9998,35,9997,40,9996,61,10002,27,10003,44,10004,60,10K_NOTE
20000,9998,31,9997,36,9996,45,10002,35,10003,44,10004,44,10K_NOTE
20100,10000,42,9999,70,9998,140,10006,45,10007,78,10008,127,10K_NOTE
20200,9997,35,9996,34,9995,58,10003,31,10004,42,10005,46,10K_NOTE
20300,10001,40,10000,53,9999,85,10005,44,10006,63,10007,89,10K_NOTE
20400,9997,29,9996,56,9995,86,10003,33,10004,53,10005,100,10K_NOTE
20500,9998,44,9997,64,9996,152,10002,44,10003,71,10004,123,10K_NOTE
20600,9998,48,9997,82,9996,91,10002,42,10003,65,10004,122,10K_NOTE
20700,9995,41,9994,70,9993,137,9999,47,10000,64,10001,131,10K_NOTE
20800,9998,39,9997,82,9996,133,10002,47,10003,67,10004,156,10K_NOTE
20900,9998,14,9997,34,9996,68,10002,15,10003,30,10004,52,10K_NOTE
21000,9998,44,9997,63,9996,93,10002,42,10003,59,10004,114,10K_NOTE
21100,9998,6,9997,9,9996,13,10002,6,10003,9,10004,15,10K_NOTE
21200,9997,0,9996,1,9995,3,10003,1,10004,1,10005,2,10K_NOTE
21300,9998,42,9997,76,9996,107,10002,51,10003,56,10004,107,10K_NOTE
21400,9997,49,9996,50,9995,76,10003,49,10004,61,10005,78,10K_NOTE
21500,9998,12,9997,22,9996,43,10002,10,10003,21,10004,34,10K_NOTE
21600,9998,18,9997,29,9996,52,10002,13,10003,26,10004,56,10K_NOTE
21700,9998,15,9997,21,9996,23,10002,17,10003,16,10004,22,10K_NOTE
21800,9998,21,9997,28,9996,61,10002,15,10003,36,10004,54,10K_NOTE
21900,9998,40,9997,65,9996,83,10002,36,10003,58,10004,91,10K_NOTE
22000,9998,22,9997,27,9996,40,10002,21,10003,35,10004,42,10K_NOTE
22100,9997,3,9996,5,9995,12,10003,3,10004,5,10005,10,10K_NOTE
22200,9994,8,9993,14,9992,18,10000,9,10001,13,10002,17,10K_NOTE
22300,9998,20,9997,31,9996,64,10002,23,10003,43,10004,57,10K_NOTE
22400,9998,6,9997,12,9996,16,10002,6,10003,10,10004,19,10K_NOTE
22500,9998,12,9997,19,9996,24,10002,11,10003,17,10004,30,10K_NOTE
22600,9998,24,9997,53,9996,115,10002,35,10003,49,10004,85,10K_NOTE
22700,9998,3,9997,9,9996,16,10002,4,10003,7,10004,12,10K_NOTE
22800,9998,20,9997,43,9996,71,10002,16,10003,35,10004,65,10K_NOTE
22900,9997,10,9996,17,9995,22,10003,13,10004,17,10005,27,10K_NOTE
23000,10001,32,10000,71,9999,117,10005,35,10006,69,10007,136,10K_NOTE
23100,9997,4,9996,8,9995,8,10003,4,10004,6,10005,11,10K_NOTE
23200,9997,45,9996,61,9995,69,10003,43,10004,63,10005,79,10K_NOTE
23300,9995,0,9994,2,9993,3,9999,0,10000,2,10001,3,10K_NOTE
23400,9998,22,9997,38,9996,50,10002,22,10003,31,10004,55,10K_NOTE
23500,9998,32,9997,52,9996,72,10002,32,10003,57,10004,64,10K_NOTE
23600,9998,38,9997,52,9996,54,10002,39,10003,51,10004,75,10K_NOTE
23700,9998,45,9997,74,9996,136,10002,43,10003,74,10004,136,10K_NOTE
23800,10001,6,10000,6,9999,9,10005,5,10006,6,10007,8,10K_NOTE
23900,9998,14,9997,25,9996,26,10002,16,10003,27,10004,33,10K_NOTE
24000,9998,17,9997,22,9996,32,10002,20,10003,19,10004,23,10K_NOTE
24100,9998,34,9997,42,9996,75,10002,27,10003,45,10004,86,10K_NOTE
24200,9998,42,9997,67,9996,134,10002,36,10003,84,10004,113,10K_NOTE
24300,9997,25,9996,48,9995,132,10003,25,10004,50,10005,118,10K_NOTE
24400,9998,4,9997,6,9996,11,10002,5,10003,7,10004,9,10K_NOTE
24500,9998,11,9997,21,9996,41,10002,13,10003,21,10004,51,10K_NOTE
24600,9998,32,9997,44,9996,80,10002,32,10003,43,10004,61,10K_NOTE
24700,9998,12,9997,17,9996,21,10002,8,10003,13,10004,23,10K_NOTE
24800,9998,8,9997,8,9996,17,10002,7,10003,9,10004,20,10K_NOTE
24900,9998,46,9997,67,9996,66,10002,42,10003,65,10004,76,10K_NOTE
25000,9998,25,9997,36,9996,52,10002,32,10003,46,10004,54,10K_NOTE
25100,9997,3,9996,6,9995,10,10003,4,10004,6,10005,11,10K_NOTE
25200,9998,6,9997,10,9996,11,10002,6,10003,8,10004,13,10K_NOTE
25300,9997,24,9996,53,9995,102,10003,21,10004,50,10005,89,10K_NOTE
25400,9998,21,9997,33,9996,43,10002,17,10003,29,10004,43,10K_NOTE
25500,9998,45,9997,55,9996,104,10002,55,10003,70,10004,86,10K_NOTE
25600,9998,40,9997,97,9996,131,10002,46,10003,77,10004,143,10K_NOTE
25700,9995,35,9994,53,9993,81,9999,35,10000,55,10001,69,10K_NOTE
25800,9998,11,9997,14,9996,20,10002,9,10003,16,10004,23,10K_NOTE
25900,9997,4,9996,7,9995,12,10003,3,10004,7,10005,10,10K_NOTE
26000,9998,13,9997,22,9996,36,10002,9,10003,16,10004,33,10K_NOTE
26100,9998,41,9997,58,9996,94,10002,48,10003,71,10004,94,10K_NOTE
26200,9998,17,9997,26,9996,31,10002,16,10003,24,10004,35,10K_NOTE
26300,9997,39,9996,70,9995,111,10003,40,10004,64,10005,86,10K_NOTE
26400,9998,44,9997,59,9996,95,10002,38,10003,71,10004,97,10K_NOTE
26500,9998,17,9997,16,9996,23,10002,12,10003,22,10004,29,10K_NOTE
26600,9998,4,9997,9,9996,17,10002,5,10003,8,10004,16,10K_NOTE
26700,9998,15,9997,19,9996,36,10002,17,10003,20,10004,36,10K_NOTE
26800,9997,54,9996,71,9995,127,10003,58,10004,69,10005,154,10K_NOTE
26900,9998,30,9997,42,9996,66,10002,31,10003,58,10004,64,10K_NOTE
27000,9998,25,9997,57,9996,76,10002,35,10003,59,10004,71,10K_NOTE
27100,9997,10,9996,13,9995,26,10003,7,10004,13,10005,27,10K_NOTE
27200,9997,5,9996,10,9995,24,10003,5,10004,12,10005,24,10K_NOTE
27300,9998,2,9997,4,9996,6,10002,2,10003,3,10004,8,10K_NOTE
27400,9998,34,9997,67,9996,104,10002,26,10003,57,10004,113,10K_NOTE
27500,9998,8,9997,14,9996,26,10002,6,10003,12,10004,29,10K_NOTE
27600,9998,44,9997,74,9996,160,10002,39,10003,69,10004,129,10K_NOTE
27700,9998,38,9997,71,9996,93,10002,44,10003,67,10004,105,10K_NOTE
27800,9997,46,9996,73,9995,113,10003,43,10004,63,10005,141,10K_NOTE
27900,9998,22,9997,54,9996,82,10002,26,10003,44,10004,81,10K_NOTE
28000,9998,20,9997,32,9996,35,10002,23,10003,33,10004,44,10K_NOTE
28100,9998,6,9997,11,9996,18,10002,6,10003,10,10004,13,10K_NOTE
28200,9997,38,9996,88,9995,145,10003,51,10004,72,10005,172,10K_NOTE
28300,9998,2,9997,3,9996,4,10002,2,10003,2,10004,5,10K_NOTE
28400,9998,2,9997,4,9996,10,10002,3,10003,5,10004,9,10K_NOTE
28500,9998,9,9997,12,9996,13,10002,10,10003,10,10004,13,10K_NOTE
28600,9998,23,9997,24,9996,27,10002,24,10003,27,10004,36,10K_NOTE
28700,9998,13,9997,16,9996,37,10002,10,10003,20,10004,33,10K_NOTE
28800,9998,3,9997,3,9996,6,10002,2,10003,5,10004,6,10K_NOTE
28900,9997,27,9996,49,9995,111,10003,34,10004,58,10005,98,10K_NOTE
29000,9998,1,9997,2,9996,5,10002,1,10003,3,10004,4,10K_NOTE
29100,10001,39,10000,53,9999,55,10005,29,10006,49,10007,63,10K_NOTE
29200,9997,14,9996,28,9995,37,10003,13,10004,26,10005,45,10K_NOTE
29300,9998,47,9997,80,9996,149,10002,40,10003,75,10004,137,10K_NOTE
29400,9998,16,9997,24,9996,42,10002,16,10003,26,10004,37,10K_NOTE
29500,9997,34,9996,47,9995,77,10003,37,10004,58,10005,87,10K_NOTE
29600,9998,28,9997,45,9996,104,10002,23,10003,53,10004,76,10K_NOTE
29700,9998,19,9997,37,9996,74,10002,20,10003,43,10004,81,10K_NOTE
29800,10001,46,10000,62,9999,92,10005,37,10006,73,10007,90,10K_NOTE
29900,9998,18,9997,33,9996,53,10002,24,10003,29,10004,63,10K_NOTE
30000,9998,46,9997,66,9996,90,10002,46,10003,53,10004,65,10K_NOTE
30100,9998,31,9997,45,9996,67,10002,26,10003,49,10004,90,10K_NOTE
30200,9998,18,9997,34,9996,51,10002,18,10003,30,10004,63,10K_NOTE
30300,9998,21,9997,30,9996,70,10002,16,10003,31,10004,56,10K_NOTE
30400,9997,5,9996,6,9995,10,10003,5,10004,5,10005,10,10K_NOTE
30500,9997,39,9996,73,9995,150,10003,48,10004,100,10005,149,10K_NOTE
30600,9998,41,9997,61,9996,89,10002,34,10003,50,10004,80,10K_NOTE
30700,10000,47,9999,62,9998,123,10006,47,10007,64,10008,103,10K_NOTE
30800,9997,49,9996,61,9995,67,10003,35,10004,48,10005,82,10K_NOTE
30900,9998,30,9997,35,9996,55,10002,24,10003,30,10004,47,10K_NOTE
31000,9998,10,9997,15,9996,24,10002,13,10003,17,10004,23,10K_NOTE
31100,10000,31,9999,45,9998,58,10006,27,10007,44,10008,45,10K_NOTE
31200,9995,41,9994,53,9993,58,9999,33,10000,39,10001,59,10K_NOTE
31300,9998,32,9997,42,9996,56,10002,29,10003,47,10004,53,10K_NOTE
31400,9997,2,9996,4,9995,9,10003,1,10004,4,10005,8,10K_NOTE
31500,9997,22,9996,30,9995,52,10003,26,10004,32,10005,42,10K_NOTE
31600,9998,31,9997,55,9996,65,10002,28,10003,56,10004,83,10K_NOTE
31700,9997,33,9996,62,9995,132,10003,32,10004,49,10005,131,10K_NOTE
31800,9998,19,9997,40,9996,75,10002,21,10003,44,10004,73,10K_NOTE
31900,9998,17,9997,22,9996,40,10002,21,10003,32,10004,32,10K_NOTE
32000,9997,12,9996,18,9995,27,10003,10,10004,15,10005,24,10K_NOTE
32100,9995,50,9994,54,9993,87,9999,37,10000,64,10001,75,10K_NOTE
32200,9998,25,9997,60,9996,80,10002,32,10003,59,10004,89,10K_NOTE
32300,9998,18,9997,24,9996,48,10002,20,10003,28,10004,47,10K_NOTE
32400,9998,10,9997,19,9996,38,10002,10,10003,22,10004,31,10K_NOTE
32500,9998,45,9997,80,9996,158,10002,48,10003,90,10004,183,10K_NOTE
32600,9998,6,9997,14,9996,24,10002,6,10003,15,10004,26,10K_NOTE
32700,9998,36,9997,92,9996,144,10002,48,10003,86,10004,133,10K_NOTE
32800,9997,6,9996,13,9995,27,10003,6,10004,10,10005,25,10K_NOTE
32900,9997,29,9996,42,9995,43,10003,25,10004,42,10005,48,10K_NOTE
33000,9998,53,9997,61,9996,74,10002,40,10003,51,10004,85,10K_NOTE
33100,9997,34,9996,39,9995,70,10003,31,10004,50,10005,70,10K_NOTE
33200,9998,53,9997,90,9996,145,10002,42,10003,83,10004,130,10K_NOTE
33300,9997,18,9996,29,9995,53,10003,18,10004,26,10005,48,10K_NOTE
33400,10001,18,10000,26,9999,38,10005,16,10006,27,10007,34,10K_NOTE
33500,9995,43,9994,58,9993,99,9999,36,10000,67,10001,93,10K_NOTE
33600,9998,14,9997,19,9996,27,10002,15,10003,17,10004,22,10K_NOTE
33700,9998,37,9997,76,9996,117,10002,34,10003,59,10004,126,10K_NOTE
33800,9997,20,9996,49,9995,90,10003,21,10004,57,10005,92,10K_NOTE
33900,9997,18,9996,20,9995,37,10003,16,10004,25,10005,34,10K_NOTE
34000,9998,38,9997,43,9996,72,10002,43,10003,54,10004,71,10K_NOTE
34100,9998,4,9997,5,9996,9,10002,5,10003,5,10004,7,10K_NOTE
34200,9998,4,9997,5,9996,10,10002,4,10003,6,10004,10,10K_NOTE
34300,9997,34,9996,59,9995,101,10003,32,10004,46,10005,76,10K_NOTE
34400,9998,31,9997,49,9996,107,10002,35,10003,57,10004,91,10K_NOTE
34500,9998,31,9997,47,9996,67,10002,31,10003,42,10004,76,10K_NOTE
34600,9998,37,9997,40,9996,61,10002,32,10003,34,10004,53,10K_NOTE
34700,9998,38,9997,80,9996,137,10002,48,10003,92,10004,182,10K_NOTE
34800,9998,12,9997,20,9996,39,10002,13,10003,20,10004,38,10K_NOTE
34900,9997,25,9996,47,9995,82,10003,25,10004,55,10005,106,10K_NOTE
35000,9998,19,9997,36,9996,59,10002,17,10003,41,10004,53,10K_NOTE
35100,9997,44,9996,55,9995,50,10003,48,10004,60,10005,71,10K_NOTE
35200,9998,34,9997,49,9996,81,10002,35,10003,58,10004,77,10K_NOTE
35300,9997,21,9996,33,9995,41,10003,16,10004,26,10005,47,10K_NOTE
35400,9998,36,9997,39,9996,61,10002,40,10003,49,10004,52,10K_NOTE
35500,9998,47,9997,71,9996,85,10002,41,10003,58,10004,107,10K_NOTE
35600,9998,9,9997,14,9996,20,10002,8,10003,11,10004,20,10K_NOTE
35700,9998,7,9997,9,9996,13,10002,6,10003,7,10004,11,10K_NOTE
35800,9998,7,9997,13,9996,15,10002,8,10003,12,10004,19,10K_NOTE
35900,9998,44,9997,76,9996,102,10002,42,10003,71,10004,115,10K_NOTE
36000,9998,30,9997,51,9996,65,10002,33,10003,45,10004,65,10K_NOTE
36100,9998,18,9997,36,9996,75,10002,16,10003,34,10004,82,10K_NOTE
36200,9997,27,9996,55,9995,98,10003,30,10004,43,10005,117,10K_NOTE
36300,9997,31,9996,61,9995,67,10003,42,10004,57,10005,66,10K_NOTE
36400,9998,25,9997,38,9996,59,10002,26,10003,37,10004,46,10K_NOTE
36500,9998,28,9997,59,9996,123,10002,32,10003,62,10004,94,10K_NOTE
36600,9998,11,9997,18,9996,30,10002,10,10003,21,10004,39,10K_NOTE
36700,9998,9,9997,17,9996,26,10002,8,10003,16,10004,32,10K_NOTE
36800,9997,8,9996,10,9995,13,10003,5,10004,11,10005,11,10K_NOTE
36900,9997,29,9996,57,9995,123,10003,29,10004,54,10005,121,10K_NOTE
37000,9998,23,9997,42,9996,67,10002,24,10003,47,10004,69,10K_NOTE
37100,9998,37,9997,66,9996,77,10002,50,10003,47,10004,86,10K_NOTE
37200,9997,52,9996,105,9995,182,10003,38,10004,73,10005,194,10K_NOTE
37300,9998,6,9997,7,9996,10,10002,5,10003,8,10004,10,10K_NOTE
37400,9998,53,9997,97,9996,126,10002,39,10003,89,10004,124,10K_NOTE
37500,9997,17,9996,36,9995,52,10003,16,10004,36,10005,54,10K_NOTE
37600,9998,24,9997,46,9996,78,10002,18,10003,35,10004,83,10K_NOTE
37700,9998,37,9997,63,9996,115,10002,41,10003,71,10004,115,10K_NOTE
37800,9998,24,9997,39,9996,42,10002,25,10003,36,10004,52,10K_NOTE
37900,9997,49,9996,53,9995,85,10003,48,10004,51,10005,70,10K_NOTE
38000,9997,42,9996,63,9995,141,10003,41,10004,66,10005,164,10K_NOTE
38100,9997,12,9996,15,9995,22,10003,11,10004,17,10005,25,10K_NOTE
38200,9998,3,9997,3,9996,6,10002,3,10003,5,10004,6,10K_NOTE
38300,10001,37,10000,57,9999,88,10005,34,10006,73,10007,100,10K_NOTE
38400,9998,8,9997,15,9996,26,10002,9,10003,14,10004,21,10K_NOTE
38500,9998,42,9997,76,9996,92,10002,40,10003,73,10004,90,10K_NOTE
38600,9997,24,9996,33,9995,68,10003,20,10004,35,10005,60,10K_NOTE
38700,9998,27,9997,45,9996,76,10002,25,10003,33,10004,77,10K_NOTE
38800,9997,9,9996,18,9995,35,10003,9,10004,19,10005,29,10K_NOTE
38900,9998,40,9997,77,9996,103,10002,40,10003,61,10004,75,10K_NOTE
39000,9997,30,9996,69,9995,120,10003,33,10004,61,10005,87,10K_NOTE
39100,9997,54,9996,76,9995,90,10003,46,10004,78,10005,100,10K_NOTE
39200,10001,33,10000,74,9999,145,10005,30,10006,56,10007,138,10K_NOTE
39300,9997,2,9996,5,9995,10,10003,3,10004,4,10005,8,10K_NOTE
39400,9998,16,9997,24,9996,33,10002,18,10003,27,10004,39,10K_NOTE
39500,9998,29,9997,55,9996,120,10002,26,10003,57,10004,122,10K_NOTE
39600,9997,27,9996,50,9995,66,10003,27,10004,45,10005,67,10K_NOTE
39700,9998,38,9997,72,9996,156,10002,42,10003,82,10004,165,10K_NOTE
39800,9998,44,9997,86,9996,144,10002,40,10003,79,10004,135,10K_NOTE
39900,10001,39,10000,63,9999,120,10005,41,10006,73,10007,99,10K_NOTE
40000,9997,21,9996,47,9995,101,10003,27,10004,46,10005,87,10K_NOTE
40100,9998,4,9997,5,9996,8,10002,4,10003,7,10004,7,10K_NOTE
40200,9997,37,9996,35,9995,57,10003,35,10004,46,10005,47,10K_NOTE
40300,9998,14,9997,18,9996,20,10002,13,10003,16,10004,25,10K_NOTE
40400,9998,29,9997,49,9996,87,10002,31,10003,52,10004,83,10K_NOTE
40500,9997,21,9996,35,9995,70,10003,17,10004,31,10005,61,10K_NOTE
40600,9997,31,9996,52,9995,116,10003,31,10004,52,10005,125,10K_NOTE
40700,9997,30,9996,39,9995,81,10003,25,10004,48,10005,88,10K_NOTE
40800,9998,35,9997,81,9996,132,10002,38,10003,54,10004,150,10K_NOTE
40900,9998,19,9997,37,9996,68,10002,15,10003,27,10004,68,10K_NOTE
41000,9998,9,9997,15,9996,19,10002,7,10003,12,10004,21,10K_NOTE
41100,9995,11,9994,16,9993,36,9999,11,10000,22,10001,28,10K_NOTE
41200,9994,19,9993,26,9992,34,10000,23,10001,24,10002,34,10K_NOTE
41300,9998,3,9997,7,9996,14,10002,4,10003,7,10004,16,10K_NOTE
41400,9995,29,9994,43,9993,68,9999,21,10000,46,10001,78,10K_NOTE
41500,9997,12,9996,19,9995,31,10003,12,10004,17,10005,34,10K_NOTE
41600,9998,5,9997,6,9996,12,10002,5,10003,9,10004,14,10K_NOTE
41700,9998,43,9997,70,9996,101,10002,53,10003,57,10004,101,10K_NOTE
41800,10000,44,9999,50,9998,79,10006,45,10007,61,10008,89,10K_NOTE
41900,9998,39,9997,65,9996,111,10002,36,10003,54,10004,124,10K_NOTE
42000,9998,9,9997,12,9996,21,10002,11,10003,15,10004,17,10K_NOTE
42100,10001,20,10000,42,9999,68,10005,22,10006,31,10007,55,10K_NOTE
42200,9997,33,9996,53,9995,85,10003,35,10004,58,10005,86,10K_NOTE
42300,9998,3,9997,6,9996,14,10002,4,10003,8,10004,16,10K_NOTE
42400,9994,24,9993,31,9992,61,10000,23,10001,33,10002,60,10K_NOTE
42500,9998,31,9997,52,9996,103,10002,30,10003,47,10004,102,10K_NOTE
42600,9998,2,9997,2,9996,4,10002,1,10003,3,10004,5,10K_NOTE
42700,9998,27,9997,43,9996,51,10002,23,10003,40,10004,55,10K_NOTE
42800,9998,28,9997,48,9996,73,10002,26,10003,58,10004,83,10K_NOTE
42900,9998,10,9997,16,9996,26,10002,11,10003,15,10004,19,10K_NOTE
43000,9997,46,9996,69,9995,97,10003,40,10004,54,10005,88,10K_NOTE
43100,9998,14,9997,16,9996,29,10002,15,10003,18,10004,24,10K_NOTE
43200,9998,24,9997,31,9996,48,10002,29,10003,45,10004,61,10K_NOTE
43300,9998,48,9997,90,9996,150,10002,49,10003,92,10004,208,10K_NOTE
43400,9998,39,9997,68,9996,109,10002,43,10003,55,10004,102,10K_NOTE
43500,9998,34,9997,57,9996,119,10002,26,10003,69,10004,115,10K_NOTE
43600,10001,30,10000,42,9999,76,10005,24,10006,47,10007,64,10K_NOTE
43700,9998,1,9997,1,9996,2,10002,0,10003,2,10004,3,10K_NOTE
43800,9998,25,9997,46,9996,76,10002,28,10003,58,10004,86,10K_NOTE
43900,9997,48,9996,49,9995,74,10003,44,10004,43,10005,76,10K_NOTE
44000,9998,12,9997,19,9996,27,10002,11,10003,21,10004,28,10K_NOTE
44100,9998,40,9997,50,9996,74,10002,35,10003,42,10004,55,10K_NOTE
44200,9998,22,9997,32,9996,85,10002,22,10003,32,10004,77,10K_NOTE
44300,9998,45,9997,86,9996,117,10002,43,10003,58,10004,106,10K_NOTE
44400,10001,33,10000,69,9999,113,10005,39,10006,54,10007,111,10K_NOTE
44500,9998,21,9997,42,9996,72,10002,25,10003,42,10004,58,10K_NOTE
44600,9997,39,9996,72,9995,107,10003,28,10004,62,10005,122,10K_NOTE
44700,9997,40,9996,54,9995,66,10003,45,10004,48,10005,83,10K_NOTE
44800,9998,30,9997,47,9996,59,10002,27,10003,36,10004,57,10K_NOTE
44900,9997,12,9996,15,9995,17,10003,10,10004,18,10005,16,10K_NOTE
45000,9997,38,9996,73,9995,118,10003,38,10004,72,10005,113,10K_NOTE
45100,9998,7,9997,10,9996,13,10002,9,10003,10,10004,12,10K_NOTE
45200,9998,48,9997,91,9996,181,10002,37,10003,85,10004,161,10K_NOTE
45300,9998,13,9997,21,9996,38,10002,10,10003,24,10004,32,10K_NOTE
45400,9998,47,9997,69,9996,105,10002,47,10003,78,10004,104,10K_NOTE
45500,9998,26,9997,37,9996,52,10002,21,10003,43,10004,73,10K_NOTE
45600,9998,12,9997,17,9996,33,10002,14,10003,19,10004,33,10K_NOTE
45700,9998,44,9997,81,9996,160,10002,41,10003,71,10004,140,10K_NOTE
45800,9998,9,9997,12,9996,24,10002,9,10003,15,10004,20,10K_NOTE
45900,9997,13,9996,21,9995,25,10003,13,10004,17,10005,25,10K_NOTE
46000,9998,16,9997,21,9996,25,10002,12,10003,23,10004,22,10K_NOTE
46100,10001,18,10000,29,9999,56,10005,13,10006,25,10007,51,10K_NOTE
46200,9997,18,9996,18,9995,26,10003,15,10004,20,10005,33,10K_NOTE
46300,9997,29,9996,34,9995,58,10003,28,10004,45,10005,59,10K_NOTE
46400,9998,16,9997,23,9996,36,10002,16,10003,21,10004,34,10K_NOTE
46500,9997,8,9996,13,9995,22,10003,10,10004,16,10005,23,10K_NOTE
46600,10001,11,10000,13,9999,16,10005,9,10006,11,10007,15,10K_NOTE
46700,9998,7,9997,14,9996,30,10002,6,10003,15,10004,22,10K_NOTE
46800,9998,18,9997,32,9996,51,10002,15,10003,30,10004,54,10K_NOTE
46900,9998,5,9997,10,9996,16,10002,6,10003,11,10004,18,10K_NOTE
47000,9998,0,9997,1,9996,2,10002,1,10003,1,10004,2,10K_NOTE
47100,9998,7,9997,7,9996,12,10002,5,10003,6,10004,12,10K_NOTE
47200,9997,12,9996,17,9995,36,10003,13,10004,18,10005,37,10K_NOTE
47300,9997,29,9996,49,9995,100,10003,26,10004,47,10005,98,10K_NOTE
47400,9998,47,9997,59,9996,75,10002,33,10003,61,10004,78,10K_NOTE
47500,9998,5,9997,8,9996,13,10002,5,10003,7,10004,15,10K_NOTE
47600,9998,21,9997,25,9996,42,10002,23,10003,28,10004,41,10K_NOTE
47700,9998,37,9997,78,9996,107,10002,51,10003,85,10004,153,10K_NOTE
47800,9998,29,9997,41,9996,55,10002,28,10003,38,10004,45,10K_NOTE
47900,9997,21,9996,31,9995,43,10003,25,10004,31,10005,40,10K_NOTE
48000,9997,18,9996,31,9995,52,10003,21,10004,30,10005,50,10K_NOTE
48100,9998,39,9997,49,9996,63,10002,50,10003,65,10004,81,10K_NOTE
48200,9998,0,9997,1,9996,3,10002,0,10003,1,10004,2,10K_NOTE
48300,9998,1,9997,1,9996,1,10002,0,10003,1,10004,2,10K_NOTE
48400,9998,50,9997,67,9996,85,10002,38,10003,59,10004,103,10K_NOTE
48500,9997,18,9996,43,9995,74,10003,22,10004,43,10005,81,10K_NOTE
48600,10001,27,10000,49,9999,72,10005,26,10006,45,10007,77,10K_NOTE
48700,9998,46,9997,83,9996,189,10002,50,10003,92,10004,150,10K_NOTE
48800,9998,5,9997,7,9996,14,10002,5,10003,7,10004,9,10K_NOTE
48900,9998,50,9997,86,9996,114,10002,44,10003,63,10004,129,10K_NOTE
49000,9998,10,9997,16,9996,33,10002,9,10003,16,10004,34,10K_NOTE
49100,9998,30,9997,62,9996,59,10002,30,10003,57,10004,72,10K_NOTE
49200,9998,53,9997,77,9996,121,10002,47,10003,64,10004,116,10K_NOTE
49300,9997,5,9996,8,9995,14,10003,6,10004,8,10005,13,10K_NOTE
49400,9998,2,9997,4,9996,3,10002,2,10003,4,10004,4,10K_NOTE
49500,9998,25,9997,39,9996,61,10002,21,10003,40,10004,70,10K_NOTE
49600,9998,26,9997,31,9996,44,10002,26,10003,30,10004,53,10K_NOTE
49700,9998,32,9997,64,9996,110,10002,32,10003,62,10004,94,10K_NOTE
49800,9997,0,9996,1,9995,1,10003,0,10004,1,10005,1,10K_NOTE
49900,9998,43,9997,71,9996,139,10002,53,10003,90,10004,153,10K_NOTE
50000,9998,2,9997,4,9996,6,10002,3,10003,3,10004,5,10K_NOTE
50100,9998,16,9997,22,9996,26,10002,13,10003,15,10004,25,10K_NOTE
50200,9997,29,9996,34,9995,55,10003,24,10004,43,10005,53,10K_NOTE
50300,9998,1,9997,1,9996,1,10002,0,10003,1,10004,1,10K_NOTE
50400,9998,13,9997,24,9996,31,10002,16,10003,21,10004,28,10K_NOTE
50500,9997,42,9996,58,9995,70,10003,54,10004,64,10005,94,10K_NOTE
50600,9997,26,9996,36,9995,80,10003,25,10004,46,10005,59,10K_NOTE
50700,9997,28,9996,44,9995,109,10003,27,10004,42,10005,80,10K_NOTE
50800,10000,18,9999,24,9998,28,10006,21,10007,22,10008,35,10K_NOTE
50900,9997,46,9996,62,9995,93,10003,37,10004,47,10005,75,10K_NOTE
51000,9998,7,9997,17,9996,21,10002,7,10003,14,10004,21,10K_NOTE
51100,9995,37,9994,55,9993,115,9999,37,10000,60,10001,106,10K_NOTE
51200,9997,4,9996,5,9995,7,10003,4,10004,5,10005,7,10K_NOTE
51300,9997,25,9996,47,9995,57,10003,31,10004,39,10005,58,10K_NOTE
51400,9995,38,9994,58,9993,125,9999,34,10000,50,10001,104,10K_NOTE
51500,9998,52,9997,64,9996,129,10002,54,10003,70,10004,147,10K_NOTE
51600,9997,9,9996,14,9995,14,10003,10,10004,12,10005,19,10K_NOTE
51700,9998,29,9997,33,9996,60,10002,25,10003,35,10004,43,10K_NOTE
51800,9998,25,9997,43,9996,69,10002,20,10003,37,10004,71,10K_NOTE
51900,9998,20,9997,40,9996,77,10002,19,10003,43,10004,74,10K_NOTE
52000,9997,3,9996,5,9995,10,10003,2,10004,5,10005,13,10K_NOTE
52100,9998,1,9997,4,9996,8,10002,1,10003,4,10004,7,10K_NOTE
52200,9997,5,9996,14,9995,21,10003,6,10004,14,10005,25,10K_NOTE
52300,9998,3,9997,5,9996,6,10002,4,10003,4,10004,7,10K_NOTE
52400,9998,4,9997,8,9996,13,10002,5,10003,8,10004,14,10K_NOTE
52500,9998,17,9997,27,9996,25,10002,18,10003,28,10004,27,10K_NOTE
52600,9998,32,9997,43,9996,94,10002,30,10003,38,10004,79,10K_NOTE
52700,9998,26,9997,33,9996,40,10002,29,10003,28,10004,32,10K_NOTE
52800,9997,38,9996,62,9995,111,10003,40,10004,55,10005,85,10K_NOTE
52900,9995,21,9994,41,9993,80,9999,25,10000,41,10001,65,10K_NOTE
53000,9998,40,9997,75,9996,83,10002,39,10003,58,10004,88,10K_NOTE
53100,9998,38,9997,61,9996,134,10002,37,10003,62,10004,144,10K_NOTE
53200,9998,22,9997,36,9996,48,10002,24,10003,31,10004,47,10K_NOTE
53300,9995,7,9994,12,9993,15,9999,6,10000,12,10001,15,10K_NOTE
53400,9998,16,9997,28,9996,55,10002,19,10003,32,10004,54,10K_NOTE
53500,9998,33,9997,38,9996,59,10002,30,10003,41,10004,48,10K_NOTE
53600,9998,48,9997,65,9996,105,10002,43,10003,62,10004,84,10K_NOTE
53700,9998,11,9997,21,9996,33,10002,12,10003,20,10004,43,10K_NOTE
53800,9997,44,9996,76,9995,126,10003,49,10004,65,10005,128,10K_NOTE
53900,9998,41,9997,80,9996,194,10002,47,10003,93,10004,149,10K_NOTE
54000,9998,39,9997,52,9996,70,10002,43,10003,46,10004,69,10K_NOTE
54100,9997,21,9996,23,9995,35,10003,20,10004,28,10005,26,10K_NOTE
54200,9998,28,9997,64,9996,95,10002,30,10003,65,10004,105,10K_NOTE
54300,9997,15,9996,21,9995,41,10003,17,10004,26,10005,32,10K_NOTE
54400,9998,45,9997,59,9996,86,10002,35,10003,49,10004,111,10K_NOTE
54500,9998,5,9997,12,9996,26,10002,5,10003,13,10004,22,10K_NOTE
54600,9998,40,9997,82,9996,129,10002,57,10003,83,10004,134,10K_NOTE
54700,9998,42,9997,77,9996,138,10002,39,10003,70,10004,116,10K_NOTE
54800,9997,51,9996,52,9995,82,10003,39,10004,71,10005,73,10K_NOTE
54900,9998,32,9997,43,9996,73,10002,33,10003,54,10004,70,10K_NOTE
55000,9998,37,9997,68,9996,136,10002,40,10003,93,10004,169,10K_NOTE
55100,9998,10,9997,23,9996,44,10002,13,10003,16,10004,41,10K_NOTE
55200,9998,7,9997,14,9996,30,10002,6,10003,15,10004,24,10K_NOTE
55300,9998,33,9997,52,9996,68,10002,35,10003,54,10004,85,10K_NOTE
55400,9998,4,9997,5,9996,9,10002,4,10003,6,10004,10,10K_NOTE
55500,9998,6,9997,11,9996,19,10002,4,10003,11,10004,26,10K_NOTE
55600,9998,20,9997,34,9996,47,10002,20,10003,24,10004,48,10K_NOTE
55700,9997,2,9996,3,9995,5,10003,2,10004,3,10005,6,10K_NOTE
55800,9997,52,9996,66,9995,80,10003,48,10004,58,10005,78,10K_NOTE
55900,10000,14,9999,30,9998,58,10006,16,10007,27,10008,58,10K_NOTE
56000,9997,46,9996,60,9995,62,10003,48,10004,46,10005,63,10K_NOTE
56100,9998,4,9997,6,9996,10,10002,5,10003,7,10004,9,10K_NOTE
56200,9997,17,9996,24,9995,32,10003,21,10004,24,10005,38,10K_NOTE
56300,9998,40,9997,52,9996,91,10002,45,10003,49,10004,70,10K_NOTE
56400,9998,21,9997,50,9996,95,10002,29,10003,50,10004,83,10K_NOTE
56500,9997,57,9996,97,9995,163,10003,44,10004,72,10005,163,10K_NOTE
56600,9998,27,9997,62,9996,94,10002,29,10003,50,10004,91,10K_NOTE
56700,9997,43,9996,61,9995,89,10003,40,10004,53,10005,72,10K_NOTE
56800,9997,16,9996,40,9995,78,10003,17,10004,38,10005,72,10K_NOTE
56900,9998,17,9997,21,9996,30,10002,16,10003,22,10004,35,10K_NOTE
57000,9998,48,9997,70,9996,81,10002,42,10003,65,10004,101,10K_NOTE
57100,9998,14,9997,34,9996,56,10002,17,10003,33,10004,50,10K_NOTE
57200,9998,22,9997,33,9996,65,10002,20,10003,40,10004,57,10K_NOTE
57300,9997,3,9996,3,9995,6,10003,2,10004,4,10005,8,10K_NOTE
57400,9998,54,9997,78,9996,136,10002,47,10003,102,10004,172,10K_NOTE
57500,9998,22,9997,30,9996,63,10002,22,10003,29,10004,67,10K_NOTE
57600,9997,29,9996,36,9995,46,10003,26,10004,37,10005,59,10K_NOTE
57700,9998,33,9997,61,9996,116,10002,41,10003,62,10004,149,10K_NOTE
57800,9997,38,9996,60,9995,151,10003,32,10004,65,10005,154,10K_NOTE
57900,9998,36,9997,69,9996,108,10002,42,10003,73,10004,108,10K_NOTE
58000,9997,11,9996,17,9995,23,10003,10,10004,13,10005,18,10K_NOTE
58100,9995,12,9994,16,9993,24,9999,12,10000,20,10001,29,10K_NOTE
58200,9998,33,9997,53,9996,67,10002,35,10003,60,10004,74,10K_NOTE
58300,9997,43,9996,96,9995,190,10003,40,10004,69,10005,136,10K_NOTE
58400,9998,16,9997,33,9996,48,10002,13,10003,25,10004,70,10K_NOTE
58500,9998,37,9997,76,9996,110,10002,54,10003,71,10004,78,10K_NOTE
58600,9998,42,9997,62,9996,147,10002,31,10003,84,10004,105,10K_NOTE
58700,9998,2,9997,2,9996,3,10002,1,10003,2,10004,2,10K_NOTE
58800,9997,25,9996,41,9995,91,10003,31,10004,49,10005,96,10K_NOTE
58900,9998,34,9997,50,9996,111,10002,41,10003,73,10004,88,10K_NOTE
59000,9998,34,9997,68,9996,90,10002,39,10003,60,10004,90,10K_NOTE
59100,9998,40,9997,59,9996,60,10002,37,10003,55,10004,60,10K_NOTE
59200,9998,18,9997,27,9996,40,10002,15,10003,31,10004,55,10K_NOTE
59300,9998,5,9997,12,9996,14,10002,5,10003,9,10004,13,10K_NOTE
59400,9997,45,9996,66,9995,76,10003,51,10004,56,10005,70,10K_NOTE
59500,9998,10,9997,29,9996,56,10002,10,10003,23,10004,55,10K_NOTE
59600,9994,26,9993,38,9992,68,10000,24,10001,32,10002,72,10K_NOTE
59700,9998,4,9997,5,9996,7,10002,3,10003,5,10004,8,10K_NOTE
59800,9997,20,9996,26,9995,55,10003,15,10004,30,10005,48,10K_NOTE
59900,10001,3,10000,7,9999,13,10005,4,10006,7,10007,14,10K_NOTE
60000,9998,14,9997,30,9996,46,10002,13,10003,34,10004,59,10K_NOTE
60100,9998,29,9997,56,9996,90,10002,29,10003,52,10004,88,10K_NOTE
60200,9998,17,9997,48,9996,84,10002,22,10003,39,10004,96,10K_NOTE
60300,9998,23,9997,44,9996,66,10002,28,10003,49,10004,67,10K_NOTE
60400,9998,13,9997,21,9996,27,10002,10,10003,16,10004,31,10K_NOTE
60500,9997,12,9996,18,9995,33,10003,10,10004,16,10005,44,10K_NOTE
60600,9998,7,9997,16,9996,32,10002,9,10003,19,10004,35,10K_NOTE
60700,9997,23,9996,29,9995,77,10003,22,10004,44,10005,72,10K_NOTE
60800,9998,15,9997,17,9996,22,10002,12,10003,14,10004,19,10K_NOTE
60900,9998,4,9997,8,9996,13,10002,5,10003,8,10004,15,10K_NOTE
61000,9998,16,9997,34,9996,39,10002,22,10003,29,10004,41,10K_NOTE
61100,9998,19,9997,21,9996,29,10002,16,10003,30,10004,27,10K_NOTE
61200,9997,27,9996,53,9995,86,10003,22,10004,55,10005,95,10K_NOTE
61300,9998,41,9997,64,9996,87,10002,38,10003,56,10004,71,10K_NOTE
61400,9998,25,9997,44,9996,58,10002,32,10003,44,10004,76,10K_NOTE
61500,9997,35,9996,54,9995,122,10003,48,10004,68,10005,87,10K_NOTE
61600,9998,40,9997,55,9996,150,10002,33,10003,57,10004,127,10K_NOTE
61700,9998,9,9997,16,9996,21,10002,11,10003,14,10004,19,10K_NOTE
61800,9997,11,9996,20,9995,34,10003,13,10004,17,10005,47,10K_NOTE
61900,9998,25,9997,38,9996,47,10002,28,10003,46,10004,65,10K_NOTE
62000,9998,47,9997,58,9996,90,10002,47,10003,66,10004,70,10K_NOTE
62100,9998,5,9997,8,9996,17,10002,6,10003,8,10004,13,10K_NOTE
62200,9998,33,9997,65,9996,125,10002,40,10003,83,10004,104,10K_NOTE
62300,9997,20,9996,26,9995,49,10003,18,10004,25,10005,45,10K_NOTE
62400,9997,26,9996,31,9995,51,10003,26,10004,41,10005,59,10K_NOTE
62500,9997,14,9996,29,9995,57,10003,14,10004,23,10005,62,10K_NOTE
62600,9997,36,9996,78,9995,153,10003,45,10004,72,10005,157,10K_NOTE
62700,9998,37,9997,66,9996,97,10002,37,10003,63,10004,88,10K_NOTE
62800,9994,48,9993,99,9992,158,10000,55,10001,113,10002,197,10K_NOTE
62900,9997,42,9996,78,9995,158,10003,43,10004,79,10005,154,10K_NOTE
63000,9998,7,9997,12,9996,16,10002,7,10003,11,10004,18,10K_NOTE
63100,9998,14,9997,16,9996,31,10002,12,10003,16,10004,23,10K_NOTE
63200,9998,23,9997,28,9996,41,10002,19,10003,34,10004,35,10K_NOTE
63300,9998,24,9997,45,9996,67,10002,21,10003,45,10004,65,10K_NOTE
63400,9997,17,9996,33,9995,69,10003,17,10004,34,10005,66,10K_NOTE
63500,9997,21,9996,42,9995,66,10003,27,10004,40,10005,82,10K_NOTE
63600,9998,10,9997,20,9996,36,10002,15,10003,16,10004,35,10K_NOTE
63700,10001,25,10000,37,9999,57,10005,23,10006,38,10007,48,10K_NOTE
63800,9997,3,9996,5,9995,9,10003,2,10004,5,10005,8,10K_NOTE
63900,9998,47,9997,70,9996,164,10002,32,10003,80,10004,137,10K_NOTE
64000,9997,51,9996,54,9995,101,10003,37,10004,66,10005,79,10K_NOTE
64100,9998,15,9997,25,9996,66,10002,18,10003,30,10004,69,10K_NOTE
64200,9998,15,9997,27,9996,45,10002,14,10003,23,10004,51,10K_NOTE
64300,9997,53,9996,85,9995,121,10003,42,10004,72,10005,99,10K_NOTE
64400,9998,14,9997,22,9996,22,10002,12,10003,18,10004,29,10K_NOTE
64500,9997,34,9996,63,9995,115,10003,34,10004,51,10005,122,10K_NOTE
64600,9997,6,9996,12,9995,19,10003,6,10004,9,10005,14,10K_NOTE
64700,9997,16,9996,24,9995,42,10003,14,10004,23,10005,53,10K_NOTE
64800,9997,33,9996,51,9995,90,10003,36,10004,64,10005,79,10K_NOTE
64900,9998,29,9997,55,9996,112,10002,32,10003,55,10004,135,10K_NOTE
65000,9997,23,9996,41,9995,52,10003,20,10004,38,10005,50,10K_NOTE
65100,9998,41,9997,46,9996,48,10002,35,10003,49,10004,57,10K_NOTE
65200,9998,5,9997,8,9996,9,10002,5,10003,6,10004,9,10K_NOTE
65300,9998,18,9997,31,9996,43,10002,17,10003,27,10004,57,10K_NOTE
65400,9998,41,9997,74,9996,141,10002,52,10003,86,10004,182,10K_NOTE
65500,9998,46,9997,76,9996,222,10002,52,10003,108,10004,153,10K_NOTE
65600,9998,35,9997,82,9996,154,10002,34,10003,75,10004,151,10K_NOTE
65700,9998,28,9997,47,9996,78,10002,25,10003,49,10004,98,10K_NOTE
65800,9998,3,9997,8,9996,11,10002,4,10003,8,10004,12,10K_NOTE
65900,9998,11,9997,21,9996,50,10002,12,10003,27,10004,50,10K_NOTE
66000,9998,42,9997,56,9996,75,10002,46,10003,72,10004,94,10K_NOTE
66100,9998,3,9997,5,9996,11,10002,3,10003,7,10004,9,10K_NOTE
66200,9997,15,9996,22,9995,36,10003,16,10004,27,10005,34,10K_NOTE
66300,9998,12,9997,19,9996,40,10002,14,10003,23,10004,33,10K_NOTE
66400,9995,19,9994,27,9993,55,9999,20,10000,32,10001,41,10K_NOTE
66500,9998,50,9997,74,9996,115,10002,42,10003,70,10004,153,10K_NOTE
66600,9997,29,9996,53,9995,88,10003,22,10004,54,10005,95,10K_NOTE
66700,9998,22,9997,50,9996,81,10002,27,10003,57,10004,111,10K_NOTE
66800,9997,24,9996,27,9995,38,10003,21,10004,30,10005,33,10K_NOTE
66900,9997,45,9996,108,9995,178,10003,50,10004,113,10005,150,10K_NOTE
67000,9998,35,9997,55,9996,111,10002,34,10003,61,10004,100,10K_NOTE
67100,10001,16,10000,31,9999,48,10005,12,10006,23,10007,42,10K_NOTE
67200,9998,48,9997,79,9996,80,10002,38,10003,74,10004,111,10K_NOTE
67300,9998,6,9997,12,9996,19,10002,5,10003,9,10004,15,10K_NOTE
67400,9997,2,9996,3,9995,6,10003,2,10004,3,10005,5,10K_NOTE
67500,9998,2,9997,2,9996,4,10002,1,10003,2,10004,5,10K_NOTE
67600,9997,31,9996,39,9995,68,10003,33,10004,38,10005,65,10K_NOTE
67700,9997,2,9996,3,9995,4,10003,3,10004,3,10005,4,10K_NOTE
67800,9997,41,9996,42,9995,47,10003,34,10004,37,10005,48,10K_NOTE
67900,9998,26,9997,31,9996,49,10002,26,10003,32,10004,39,10K_NOTE
68000,9998,37,9997,49,9996,93,10002,42,10003,54,10004,90,10K_NOTE
68100,9998,40,9997,82,9996,137,10002,39,10003,98,10004,129,10K_NOTE
68200,9994,42,9993,58,9992,97,10000,36,10001,50,10002,72,10K_NOTE
68300,9997,32,9996,67,9995,108,10003,31,10004,70,10005,100,10K_NOTE
68400,9997,30,9996,43,9995,53,10003,34,10004,41,10005,56,10K_NOTE
68500,9997,31,9996,63,9995,107,10003,30,10004,54,10005,103,10K_NOTE
68600,9997,33,9996,59,9995,124,10003,46,10004,75,10005,124,10K_NOTE
68700,9998,30,9997,63,9996,85,10002,24,10003,60,10004,101,10K_NOTE
68800,9997,32,9996,79,9995,129,10003,35,10004,75,10005,122,10K_NOTE
68900,9998,16,9997,26,9996,36,10002,20,10003,25,10004,29,10K_NOTE
69000,9998,11,9997,16,9996,22,10002,16,10003,15,10004,19,10K_NOTE
69100,9998,38,9997,73,9996,114,10002,48,10003,73,10004,86,10K_NOTE
69200,9998,13,9997,16,9996,21,10002,10,10003,14,10004,27,10K_NOTE
69300,9998,18,9997,35,9996,66,10002,18,10003,35,10004,68,10K_NOTE
69400,9998,54,9997,64,9996,91,10002,52,10003,87,10004,97,10K_NOTE
69500,9997,16,9996,21,9995,32,10003,17,10004,28,10005,31,10K_NOTE
69600,9997,37,9996,71,9995,100,10003,46,10004,62,10005,125,10K_NOTE
69700,9995,50,9994,65,9993,92,9999,41,10000,73,10001,85,10K_NOTE
69800,9997,24,9996,29,9995,51,10003,26,10004,35,10005,40,10K_NOTE
69900,9998,47,9997,101,9996,184,10002,39,10003,91,10004,158,10K_NOTE
70000,9995,16,9994,27,9993,61,9999,18,10000,31,10001,51,10K_NOTE
70100,9997,37,9996,63,9995,127,10003,34,10004,57,10005,150,10K_NOTE
70200,9997,36,9996,49,9995,71,10003,38,10004,49,10005,77,10K_NOTE
70300,9997,14,9996,23,9995,56,10003,14,10004,26,10005,42,10K_NOTE
70400,9997,21,9996,30,9995,54,10003,19,10004,27,10005,51,10K_NOTE
70500,9997,3,9996,5,9995,5,10003,4,10004,5,10005,5,10K_NOTE
70600,9998,26,9997,56,9996,124,10002,27,10003,59,10004,127,10K_NOTE
70700,9997,6,9996,8,9995,12,10003,8,10004,11,10005,10,10K_NOTE
70800,9997,46,9996,64,9995,81,10003,37,10004,67,10005,75,10K_NOTE
70900,9998,31,9997,32,9996,45,10002,31,10003,33,10004,42,10K_NOTE
71000,9998,26,9997,26,9996,43,10002,28,10003,31,10004,41,10K_NOTE
71100,9998,11,9997,16,9996,28,10002,12,10003,23,10004,37,10K_NOTE
71200,9998,26,9997,37,9996,73,10002,19,10003,44,10004,75,10K_NOTE
71300,9998,35,9997,35,9996,72,10002,28,10003,44,10004,63,10K_NOTE
71400,9998,6,9997,8,9996,11,10002,5,10003,7,10004,10,10K_NOTE
71500,9998,4,9997,7,9996,17,10002,5,10003,10,10004,16,10K_NOTE
71600,9998,52,9997,99,9996,153,10002,52,10003,75,10004,173,10K_NOTE
71700,9998,19,9997,40,9996,58,10002,16,10003,38,10004,67,10K_NOTE
71800,9998,34,9997,51,9996,66,10002,32,10003,46,10004,79,10K_NOTE
71900,9998,42,9997,67,9996,142,10002,36,10003,82,10004,120,10K_NOTE
72000,9998,37,9997,47,9996,73,10002,33,10003,59,10004,95,10K_NOTE
72100,9997,13,9996,21,9995,29,10003,18,10004,26,10005,30,10K_NOTE
72200,9998,29,9997,53,9996,90,10002,34,10003,58,10004,122,10K_NOTE
72300,9997,39,9996,57,9995,90,10003,40,10004,49,10005,91,10K_NOTE
72400,9997,19,9996,26,9995,31,10003,13,10004,24,10005,32,10K_NOTE
72500,9997,25,9996,32,9995,53,10003,26,10004,31,10005,43,10K_NOTE
72600,9997,15,9996,25,9995,31,10003,16,10004,21,10005,31,10K_NOTE
72700,9998,50,9997,69,9996,86,10002,46,10003,59,10004,112,10K_NOTE
72800,9998,24,9997,52,9996,74,10002,22,10003,37,10004,90,10K_NOTE
72900,9997,37,9996,81,9995,176,10003,37,10004,76,10005,143,10K_NOTE
73000,9997,50,9996,56,9995,68,10003,47,10004,60,10005,94,10K_NOTE
73100,9997,7,9996,10,9995,18,10003,8,10004,12,10005,16,10K_NOTE
73200,9998,12,9997,23,9996,34,10002,12,10003,16,10004,34,10K_NOTE
73300,9997,0,9996,1,9995,3,10003,0,10004,1,10005,3,10K_NOTE
73400,9998,40,9997,75,9996,97,10002,46,10003,77,10004,123,10K_NOTE
73500,9997,55,9996,71,9995,108,10003,42,10004,64,10005,93,10K_NOTE
73600,9998,24,9997,33,9996,43,10002,22,10003,35,10004,48,10K_NOTE
73700,9998,1,9997,2,9996,3,10002,1,10003,1,10004,2,10K_NOTE
73800,9998,21,9997,34,9996,52,10002,18,10003,34,10004,48,10K_NOTE
73900,9998,14,9997,13,9996,23,10002,13,10003,14,10004,16,10K_NOTE
74000,9998,11,9997,15,9996,25,10002,10,10003,19,10004,29,10K_NOTE
74100,9998,3,9997,5,9996,8,10002,3,10003,4,10004,8,10K_NOTE
74200,9998,32,9997,43,9996,82,10002,28,10003,39,10004,89,10K_NOTE
74300,9998,28,9997,46,9996,56,10002,29,10003,40,10004,78,10K_NOTE
74400,9995,23,9994,56,9993,118,9999,26,10000,45,10001,98,10K_NOTE
74500,9998,24,9997,50,9996,96,10002,27,10003,57,10004,71,10K_NOTE
74600,9995,46,9994,51,9993,61,9999,47,10000,53,10001,72,10K_NOTE
74700,9995,9,9994,16,9993,39,9999,9,10000,18,10001,29,10K_NOTE
74800,9998,37,9997,43,9996,63,10002,38,10003,47,10004,60,10K_NOTE
74900,9998,29,9997,52,9996,132,10002,32,10003,61,10004,137,10K_NOTE
75000,9997,2,9996,4,9995,5,10003,3,10004,5,10005,5,10K_NOTE
75100,9997,57,9996,101,9995,168,10003,43,10004,108,10005,148,10K_NOTE
75200,9998,35,9997,59,9996,86,10002,34,10003,57,10004,79,10K_NOTE
75300,9997,11,9996,19,9995,47,10003,13,10004,26,10005,38,10K_NOTE
75400,9998,35,9997,44,9996,72,10002,39,10003,49,10004,55,10K_NOTE
75500,9995,24,9994,45,9993,61,9999,20,10000,50,10001,79,10K_NOTE
75600,9998,24,9997,38,9996,51,10002,32,10003,39,10004,60,10K_NOTE
75700,9998,37,9997,55,9996,66,10002,29,10003,46,10004,83,10K_NOTE
75800,10000,43,9999,54,9998,78,10006,40,10007,61,10008,84,10K_NOTE
75900,9997,13,9996,15,9995,26,10003,13,10004,18,10005,20,10K_NOTE
76000,9997,30,9996,52,9995,59,10003,40,10004,43,10005,59,10K_NOTE
76100,9997,50,9996,64,9995,68,10003,47,10004,66,10005,83,10K_NOTE
76200,9998,46,9997,77,9996,111,10002,35,10003,86,10004,121,10K_NOTE
76300,9997,30,9996,37,9995,60,10003,22,10004,32,10005,45,10K_NOTE
76400,9998,3,9997,5,9996,11,10002,3,10003,5,10004,11,10K_NOTE
76500,9998,16,9997,29,9996,30,10002,22,10003,20,10004,32,10K_NOTE
76600,9998,46,9997,58,9996,62,10002,50,10003,51,10004,67,10K_NOTE
76700,9998,7,9997,7,9996,10,10002,8,10003,7,10004,11,10K_NOTE
76800,9997,24,9996,38,9995,66,10003,22,10004,38,10005,57,10K_NOTE
76900,9998,43,9997,76,9996,185,10002,33,10003,91,10004,183,10K_NOTE
77000,9997,33,9996,39,9995,61,10003,31,10004,46,10005,53,10K_NOTE
77100,9997,10,9996,17,9995,36,10003,13,10004,17,10005,31,10K_NOTE
77200,9997,45,9996,53,9995,85,10003,44,10004,53,10005,93,10K_NOTE
77300,9998,50,9997,45,9996,60,10002,45,10003,49,10004,56,10K_NOTE
77400,9998,42,9997,51,9996,93,10002,29,10003,55,10004,86,10K_NOTE
77500,9998,0,9997,1,9996,3,10002,0,10003,2,10004,4,10K_NOTE
77600,10000,43,9999,93,9998,147,10006,50,10007,106,10008,186,10K_NOTE
77700,9997,39,9996,53,9995,113,10003,32,10004,56,10005,97,10K_NOTE
77800,9997,52,9996,72,9995,164,10003,43,10004,101,10005,135,10K_NOTE
77900,9997,38,9996,71,9995,168,10003,40,10004,88,10005,162,10K_NOTE
78000,10000,46,9999,67,9998,100,10006,46,10007,80,10008,80,10K_NOTE
78100,9998,23,9997,39,9996,69,10002,23,10003,34,10004,56,10K_NOTE
78200,9997,46,9996,63,9995,104,10003,42,10004,56,10005,83,10K_NOTE
78300,9998,26,9997,33,9996,70,10002,26,10003,41,10004,76,10K_NOTE
78400,9998,3,9997,5,9996,9,10002,4,10003,6,10004,11,10K_NOTE
78500,9998,13,9997,28,9996,40,10002,12,10003,21,10004,58,10K_NOTE
78600,9998,4,9997,10,9996,13,10002,5,10003,8,10004,18,10K_NOTE
78700,9998,54,9997,77,9996,116,10002,53,10003,77,10004,102,10K_NOTE
78800,9998,28,9997,41,9996,71,10002,24,10003,49,10004,77,10K_NOTE
78900,9998,3,9997,4,9996,8,10002,3,10003,6,10004,8,10K_NOTE
79000,9995,45,9994,62,9993,107,9999,35,10000,73,10001,88,10K_NOTE
79100,9997,8,9996,11,9995,14,10003,9,10004,12,10005,16,10K_NOTE
79200,9998,26,9997,50,9996,92,10002,22,10003,48,10004,114,10K_NOTE
79300,9995,7,9994,9,9993,16,9999,8,10000,11,10001,14,10K_NOTE
79400,9998,4,9997,10,9996,15,10002,5,10003,11,10004,21,10K_NOTE
79500,9997,42,9996,46,9995,61,10003,47,10004,62,10005,57,10K_NOTE
79600,9998,43,9997,74,9996,95,10002,51,10003,60,10004,104,10K_NOTE
79700,9998,1,9997,3,9996,4,10002,2,10003,3,10004,3,10K_NOTE
79800,9998,28,9997,29,9996,34,10002,27,10003,34,10004,43,10K_NOTE
79900,9998,13,9997,15,9996,21,10002,10,10003,15,10004,19,10K_NOTE
80000,9998,27,9997,31,9996,40,10002,29,10003,35,10004,32,10K_NOTE
80100,9998,6,9997,12,9996,26,10002,7,10003,16,10004,27,10K_NOTE
80200,9998,59,9997,59,9996,89,10002,50,10003,55,10004,101,10K_NOTE
80300,9998,5,9997,7,9996,15,10002,5,10003,9,10004,12,10K_NOTE
80400,9998,45,9997,67,9996,152,10002,51,10003,73,10004,160,10K_NOTE
80500,9998,29,9997,40,9996,61,10002,29,10003,32,10004,47,10K_NOTE
80600,9998,13,9997,25,9996,37,10002,14,10003,18,10004,28,10K_NOTE
80700,10001,38,10000,50,9999,83,10005,38,10006,45,10007,84,10K_NOTE
80800,9997,2,9996,4,9995,7,10003,3,10004,4,10005,8,10K_NOTE
80900,9998,11,9997,16,9996,28,10002,12,10003,15,10004,23,10K_NOTE
81000,9998,40,9997,73,9996,149,10002,34,10003,61,10004,139,10K_NOTE
81100,9998,10,9997,18,9996,26,10002,9,10003,17,10004,28,10K_NOTE
81200,9998,45,9997,55,9996,80,10002,39,10003,58,10004,76,10K_NOTE
81300,9998,34,9997,72,9996,133,10002,31,10003,74,10004,117,10K_NOTE
81400,9997,2,9996,3,9995,3,10003,3,10004,4,10005,3,10K_NOTE
81500,9998,34,9997,48,9996,57,10002,36,10003,47,10004,72,10K_NOTE
81600,9998,24,9997,57,9996,99,10002,33,10003,46,10004,116,10K_NOTE
81700,9998,1,9997,1,9996,2,10002,1,10003,1,10004,3,10K_NOTE
81800,9997,13,9996,17,9995,28,10003,10,10004,17,10005,25,10K_NOTE
81900,9997,35,9996,67,9995,97,10003,30,10004,66,10005,81,10K_NOTE
82000,9994,34,9993,61,9992,95,10000,31,10001,61,10002,87,10K_NOTE
82100,9997,4,9996,6,9995,12,10003,3,10004,8,10005,10,10K_NOTE
82200,9998,19,9997,30,9996,47,10002,21,10003,27,10004,52,10K_NOTE
82300,9998,13,9997,33,9996,56,10002,14,10003,31,10004,45,10K_NOTE
82400,9998,33,9997,63,9996,107,10002,35,10003,49,10004,107,10K_NOTE
82500,9998,18,9997,24,9996,32,10002,18,10003,20,10004,41,10K_NOTE
82600,9995,10,9994,19,9993,33,9999,9,10000,21,10001,32,10K_NOTE
82700,9997,40,9996,83,9995,149,10003,54,10004,75,10005,150,10K_NOTE
82800,9998,31,9997,52,9996,81,10002,34,10003,43,10004,74,10K_NOTE
82900,9998,41,9997,43,9996,55,10002,39,10003,43,10004,48,10K_NOTE
83000,9997,35,9996,36,9995,67,10003,34,10004,44,10005,51,10K_NOTE
83100,9997,47,9996,52,9995,72,10003,37,10004,54,10005,66,10K_NOTE
83200,9997,19,9996,33,9995,61,10003,20,10004,32,10005,51,10K_NOTE
83300,9998,26,9997,52,9996,83,10002,19,10003,50,10004,106,10K_NOTE
83400,9998,37,9997,75,9996,180,10002,39,10003,83,10004,164,10K_NOTE
83500,9998,26,9997,48,9996,100,10002,28,10003,53,10004,90,10K_NOTE
83600,9998,40,9997,57,9996,82,10002,28,10003,61,10004,96,10K_NOTE
83700,9998,36,9997,57,9996,100,10002,45,10003,66,10004,133,10K_NOTE
83800,9997,36,9996,39,9995,58,10003,39,10004,47,10005,59,10K_NOTE
83900,9997,16,9996,45,9995,85,10003,16,10004,34,10005,60,10K_NOTE
84000,9997,15,9996,30,9995,50,10003,14,10004,29,10005,55,10K_NOTE
84100,9997,39,9996,62,9995,80,10003,46,10004,58,10005,99,10K_NOTE
84200,9997,3,9996,6,9995,8,10003,2,10004,5,10005,7,10K_NOTE
84300,9998,28,9997,56,9996,97,10002,30,10003,53,10004,93,10K_NOTE
84400,9995,32,9994,82,9993,138,9999,36,10000,58,10001,113,10K_NOTE
84500,9997,1,9996,1,9995,3,10003,0,10004,2,10005,3,10K_NOTE
84600,9998,33,9997,70,9996,92,10002,38,10003,56,10004,112,10K_NOTE
84700,9998,2,9997,2,9996,5,10002,1,10003,2,10004,6,10K_NOTE
84800,9997,25,9996,49,9995,70,10003,29,10004,39,10005,79,10K_NOTE
84900,9998,3,9997,5,9996,7,10002,4,10003,5,10004,9,10K_NOTE
85000,9998,10,9997,21,9996,28,10002,10,10003,21,10004,38,10K_NOTE
85100,9998,57,9997,69,9996,104,10002,51,10003,64,10004,111,10K_NOTE
85200,9998,25,9997,50,9996,124,10002,30,10003,63,10004,112,10K_NOTE
85300,9998,45,9997,95,9996,128,10002,40,10003,74,10004,143,10K_NOTE
85400,9998,5,9997,9,9996,13,10002,6,10003,9,10004,12,10K_NOTE
85500,9998,41,9997,81,9996,143,10002,39,10003,102,10004,143,10K_NOTE
85600,9998,0,9997,1,9996,4,10002,0,10003,2,10004,3,10K_NOTE
85700,9998,13,9997,26,9996,61,10002,11,10003,28,10004,49,10K_NOTE
85800,9998,43,9997,56,9996,92,10002,38,10003,73,10004,137,10K_NOTE
85900,9995,26,9994,57,9993,77,9999,26,10000,54,10001,64,10K_NOTE
86000,9997,37,9996,61,9995,150,10003,38,10004,59,10005,126,10K_NOTE
86100,9998,26,9997,39,9996,76,10002,30,10003,53,10004,70,10K_NOTE
86200,10001,36,10000,55,9999,66,10005,38,10006,58,10007,88,10K_NOTE
86300,9998,2,9997,3,9996,7,10002,2,10003,4,10004,7,10K_NOTE
86400,9998,2,9997,2,9996,3,10002,1,10003,3,10004,3,10K_NOTE
86500,9997,4,9996,5,9995,9,10003,4,10004,6,10005,9,10K_NOTE
86600,9998,33,9997,48,9996,78,10002,34,10003,57,10004,74,10K_NOTE
86700,9997,42,9996,69,9995,100,10003,48,10004,48,10005,104,10K_NOTE
86800,9998,12,9997,19,9996,30,10002,13,10003,18,10004,35,10K_NOTE
86900,9997,36,9996,44,9995,71,10003,35,10004,48,10005,69,10K_NOTE
87000,9998,19,9997,31,9996,47,10002,25,10003,37,10004,58,10K_NOTE
87100,9997,31,9996,52,9995,97,10003,46,10004,57,10005,92,10K_NOTE
87200,9998,14,9997,33,9996,64,10002,16,10003,32,10004,59,10K_NOTE
87300,9998,28,9997,63,9996,113,10002,33,10003,57,10004,118,10K_NOTE
87400,9998,34,9997,65,9996,159,10002,35,10003,71,10004,131,10K_NOTE
87500,9998,16,9997,31,9996,51,10002,16,10003,25,10004,55,10K_NOTE
87600,9997,20,9996,33,9995,30,10003,24,10004,25,10005,31,10K_NOTE
87700,9998,10,9997,17,9996,32,10002,12,10003,22,10004,30,10K_NOTE
87800,9998,13,9997,20,9996,33,10002,17,10003,22,10004,44,10K_NOTE
87900,10001,28,10000,37,9999,63,10005,30,10006,45,10007,59,10K_NOTE
88000,9995,33,9994,49,9993,74,9999,35,10000,65,10001,62,10K_NOTE
88100,9997,13,9996,22,9995,36,10003,15,10004,18,10005,30,10K_NOTE
88200,9997,21,9996,28,9995,55,10003,20,10004,30,10005,43,10K_NOTE
88300,9997,29,9996,41,9995,50,10003,31,10004,29,10005,40,10K_NOTE
88400,9998,41,9997,54,9996,157,10002,32,10003,65,10004,152,10K_NOTE
88500,9998,20,9997,31,9996,66,10002,20,10003,35,10004,76,10K_NOTE
88600,9998,9,9997,22,9996,37,10002,8,10003,15,10004,30,10K_NOTE
88700,9998,11,9997,19,9996,43,10002,13,10003,19,10004,35,10K_NOTE
88800,9997,11,9996,21,9995,25,10003,11,10004,19,10005,30,10K_NOTE
88900,9998,9,9997,13,9996,18,10002,12,10003,10,10004,17,10K_NOTE
89000,10001,1,10000,1,9999,2,10005,0,10006,1,10007,2,10K_NOTE
89100,9998,18,9997,30,9996,71,10002,19,10003,37,10004,61,10K_NOTE
89200,9997,16,9996,22,9995,29,10003,14,10004,18,10005,22,10K_NOTE
89300,9997,22,9996,44,9995,70,10003,23,10004,36,10005,78,10K_NOTE
89400,9997,47,9996,71,9995,72,10003,40,10004,58,10005,67,10K_NOTE
89500,10001,7,10000,13,9999,17,10005,8,10006,14,10007,22,10K_NOTE
89600,9997,1,9996,1,9995,2,10003,1,10004,1,10005,2,10K_NOTE
89700,9997,52,9996,58,9995,87,10003,40,10004,56,10005,76,10K_NOTE
89800,9997,8,9996,7,9995,10,10003,7,10004,8,10005,10,10K_NOTE
89900,9998,22,9997,34,9996,57,10002,16,10003,33,10004,72,10K_NOTE
90000,9995,44,9994,82,9993,160,9999,43,10000,65,10001,168,10K_NOTE
90100,9998,5,9997,5,9996,7,10002,5,10003,6,10004,5,10K_NOTE
90200,9998,37,9997,62,9996,142,10002,38,10003,67,10004,109,10K_NOTE
90300,9998,38,9997,56,9996,130,10002,43,10003,64,10004,133,10K_NOTE
90400,9998,5,9997,8,9996,10,10002,4,10003,5,10004,8,10K_NOTE
90500,9998,29,9997,53,9996,64,10002,33,10003,40,10004,76,10K_NOTE
90600,9998,44,9997,60,9996,71,10002,39,10003,62,10004,86,10K_NOTE
90700,9997,8,9996,15,9995,19,10003,9,10004,17,10005,19,10K_NOTE
90800,9998,4,9997,9,9996,12,10002,5,10003,6,10004,14,10K_NOTE
90900,9998,37,9997,76,9996,108,10002,46,10003,56,10004,94,10K_NOTE
91000,9998,20,9997,38,9996,73,10002,17,10003,31,10004,70,10K_NOTE
91100,9997,11,9996,12,9995,25,10003,10,10004,13,10005,22,10K_NOTE
91200,9998,10,9997,21,9996,55,10002,11,10003,25,10004,53,10K_NOTE
91300,9998,38,9997,63,9996,75,10002,40,10003,59,10004,78,10K_NOTE
91400,9998,22,9997,39,9996,61,10002,18,10003,36,10004,64,10K_NOTE
91500,9998,26,9997,54,9996,97,10002,18,10003,39,10004,81,10K_NOTE
91600,9998,2,9997,4,9996,9,10002,3,10003,4,10004,7,10K_NOTE
91700,9997,4,9996,4,9995,8,10003,4,10004,6,10005,7,10K_NOTE
91800,9998,47,9997,57,9996,83,10002,39,10003,55,10004,111,10K_NOTE
91900,9998,8,9997,9,9996,12,10002,7,10003,11,10004,11,10K_NOTE
92000,9997,51,9996,96,9995,196,10003,48,10004,87,10005,170,10K_NOTE
92100,9998,38,9997,73,9996,130,10002,48,10003,83,10004,132,10K_NOTE
92200,9998,27,9997,37,9996,73,10002,28,10003,40,10004,71,10K_NOTE
92300,9997,35,9996,46,9995,72,10003,26,10004,55,10005,89,10K_NOTE
92400,9997,55,9996,48,9995,68,10003,50,10004,68,10005,81,10K_NOTE
92500,9995,12,9994,16,9993,25,9999,14,10000,16,10001,23,10K_NOTE
92600,9998,4,9997,6,9996,7,10002,4,10003,6,10004,8,10K_NOTE
92700,9998,6,9997,12,9996,18,10002,6,10003,10,10004,25,10K_NOTE
92800,9998,37,9997,55,9996,132,10002,31,10003,54,10004,129,10K_NOTE
92900,9997,19,9996,31,9995,27,10003,23,10004,26,10005,27,10K_NOTE
93000,9998,31,9997,47,9996,63,10002,30,10003,42,10004,62,10K_NOTE
93100,9994,17,9993,27,9992,60,10000,19,10001,32,10002,62,10K_NOTE
93200,9997,46,9996,68,9995,91,10003,38,10004,68,10005,79,10K_NOTE
93300,9998,21,9997,35,9996,42,10002,22,10003,35,10004,34,10K_NOTE
93400,9997,32,9996,40,9995,81,10003,38,10004,49,10005,69,10K_NOTE
93500,9997,30,9996,31,9995,55,10003,29,10004,31,10005,42,10K_NOTE
93600,9998,27,9997,51,9996,86,10002,27,10003,45,10004,82,10K_NOTE
93700,9997,21,9996,44,9995,103,10003,23,10004,50,10005,76,10K_NOTE
93800,9998,9,9997,15,9996,17,10002,8,10003,11,10004,17,10K_NOTE
93900,9998,7,9997,11,9996,18,10002,5,10003,11,10004,18,10K_NOTE
94000,9998,30,9997,54,9996,86,10002,28,10003,42,10004,90,10K_NOTE
94100,9998,21,9997,33,9996,46,10002,18,10003,32,10004,41,10K_NOTE
94200,9998,40,9997,60,9996,71,10002,33,10003,54,10004,94,10K_NOTE
94300,9998,3,9997,7,9996,16,10002,3,10003,7,10004,16,10K_NOTE
94400,10001,33,10000,41,9999,63,10005,25,10006,42,10007,51,10K_NOTE
94500,9998,30,9997,34,9996,34,10002,29,10003,31,10004,33,10K_NOTE
94600,9997,30,9996,39,9995,48,10003,29,10004,39,10005,63,10K_NOTE
94700,9998,26,9997,36,9996,86,10002,22,10003,35,10004,84,10K_NOTE
94800,9997,21,9996,30,9995,41,10003,16,10004,32,10005,42,10K_NOTE
94900,9997,20,9996,33,9995,66,10003,24,10004,37,10005,68,10K_NOTE
95000,9998,5,9997,10,9996,16,10002,6,10003,10,10004,14,10K_NOTE
95100,9997,9,9996,19,9995,32,10003,11,10004,19,10005,36,10K_NOTE
95200,9997,24,9996,57,9995,80,10003,33,10004,49,10005,96,10K_NOTE
95300,9998,43,9997,64,9996,162,10002,41,10003,88,10004,170,10K_NOTE
95400,9998,17,9997,34,9996,39,10002,16,10003,33,10004,51,10K_NOTE
95500,9998,10,9997,25,9996,57,10002,14,10003,24,10004,56,10K_NOTE
95600,9997,0,9996,1,9995,1,10003,1,10004,1,10005,1,10K_NOTE
95700,9998,29,9997,42,9996,68,10002,27,10003,35,10004,68,10K_NOTE
95800,9998,32,9997,37,9996,78,10002,34,10003,46,10004,76,10K_NOTE
95900,9998,35,9997,43,9996,67,10002,25,10003,41,10004,60,10K_NOTE
96000,9995,0,9994,1,9993,1,9999,0,10000,1,10001,2,10K_NOTE
96100,9998,26,9997,47,9996,106,10002,26,10003,52,10004,73,10K_NOTE
96200,9998,42,9997,71,9996,116,10002,48,10003,94,10004,135,10K_NOTE
96300,9997,14,9996,24,9995,31,10003,13,10004,20,10005,37,10K_NOTE
96400,9997,25,9996,30,9995,41,10003,19,10004,31,10005,46,10K_NOTE
96500,9997,34,9996,31,9995,47,10003,24,10004,36,10005,42,10K_NOTE
96600,9998,16,9997,22,9996,42,10002,17,10003,24,10004,33,10K_NOTE
96700,9997,25,9996,23,9995,37,10003,18,10004,28,10005,37,10K_NOTE
96800,9998,41,9997,79,9996,107,10002,44,10003,60,10004,118,10K_NOTE
96900,9997,32,9996,54,9995,77,10003,38,10004,51,10005,68,10K_NOTE
97000,9998,29,9997,73,9996,140,10002,29,10003,63,10004,116,10K_NOTE
97100,9998,34,9997,55,9996,62,10002,44,10003,44,10004,68,10K_NOTE
97200,9998,28,9997,39,9996,69,10002,24,10003,34,10004,66,10K_NOTE
97300,9998,36,9997,71,9996,92,10002,46,10003,53,10004,68,10K_NOTE
97400,9997,38,9996,50,9995,57,10003,32,10004,39,10005,76,10K_NOTE
97500,9995,7,9994,13,9993,16,9999,6,10000,10,10001,16,10K_NOTE
97600,9997,20,9996,35,9995,71,10003,21,10004,34,10005,57,10K_NOTE
97700,9997,36,9996,74,9995,145,10003,39,10004,87,10005,135,10K_NOTE
97800,9998,13,9997,13,9996,21,10002,11,10003,17,10004,24,10K_NOTE
97900,9998,48,9997,83,9996,190,10002,48,10003,88,10004,187,10K_NOTE
98000,9998,13,9997,20,9996,33,10002,18,10003,27,10004,29,10K_NOTE
98100,9998,4,9997,5,9996,10,10002,4,10003,5,10004,10,10K_NOTE
98200,9997,33,9996,64,9995,123,10003,28,10004,54,10005,125,10K_NOTE
98300,9997,36,9996,60,9995,120,10003,27,10004,62,10005,99,10K_NOTE
98400,9998,5,9997,5,9996,8,10002,5,10003,7,10004,9,10K_NOTE
98500,9998,2,9997,3,9996,5,10002,2,10003,3,10004,5,10K_NOTE
98600,9998,15,9997,26,9996,46,10002,15,10003,29,10004,50,10K_NOTE
98700,9998,53,9997,57,9996,98,10002,44,10003,68,10004,88,10K_NOTE
98800,9998,16,9997,18,9996,25,10002,17,10003,20,10004,23,10K_NOTE
98900,9998,20,9997,30,9996,34,10002,20,10003,26,10004,44,10K_NOTE
99000,9998,30,9997,37,9996,37,10002,26,10003,33,10004,52,10K_NOTE
99100,9998,6,9997,12,9996,26,10002,5,10003,10,10004,23,10K_NOTE
99200,9998,22,9997,40,9996,66,10002,22,10003,48,10004,98,10K_NOTE
99300,9997,32,9996,50,9995,103,10003,31,10004,61,10005,81,10K_NOTE
99400,9998,3,9997,8,9996,15,10002,4,10003,8,10004,12,10K_NOTE
99500,9998,11,9997,13,9996,19,10002,10,10003,16,10004,17,10K_NOTE
99600,9998,32,9997,58,9996,114,10002,31,10003,65,10004,152,10K_NOTE
99700,9997,49,9996,97,9995,156,10003,39,10004,77,10005,142,10K_NOTE
99800,9998,12,9997,26,9996,41,10002,14,10003,19,10004,47,10K_NOTE
99900,9997,24,9996,30,9995,70,10003,25,10004,31,10005,54,10K_NOTE
100000,9998,29,9997,54,9996,83,10002,26,10003,50,10004,104,10K_NOTE
